"Data Source","World Development Indicators",

"Last Updated Date","2025-07-01",

"Country Name","Country Code","Indicator Name","Indicator Code","1960","1961","1962","1963","1964","1965","1966","1967","1968","1969","1970","1971","1972","1973","1974","1975","1976","1977","1978","1979","1980","1981","1982","1983","1984","1985","1986","1987","1988","1989","1990","1991","1992","1993","1994","1995","1996","1997","1998","1999","2000","2001","2002","2003","2004","2005","2006","2007","2008","2009","2010","2011","2012","2013","2014","2015","2016","2017","2018","2019","2020","2021","2022","2023","2024",
"Aruba","ABW","Prevalence of current tobacco use (% of adults)","SH.PRV.SMOK","","","","","","","","","","","","","","","","","","","","","","","","","","","","","","","","","","","","","","","","","","","","","","","","","","","","","","","","","","","","","","","","","",
"Africa Eastern and Southern","AFE","Prevalence of current tobacco use (% of adults)","SH.PRV.SMOK","","","","","","","","","","","","","","","","","","","","","","","","","","","","","","","","","","","","","","","","","21.7579740108658","","","","","18.5969761141652","","17.5388972270479","","","16.113996353133","","","","","14.0961597128605","","","","","12.4448953421007","12.1608327586397","11.8819514401161","","",
"Afghanistan","AFG","Prevalence of current tobacco use (% of adults)","SH.PRV.SMOK","","","","","","","","","","","","","","","","","","","","","","","","","","","","","","","","","","","","","","","","","39.2","","","","","34.2","","32.5","","","30.2","","","","","26.6","","","","","23.7","23.2","22.7","","",
"Africa Western and Central","AFW","Prevalence of current tobacco use (% of adults)","SH.PRV.SMOK","","","","","","","","","","","","","","","","","","","","","","","","","","","","","","","","","","","","","","","","","13.7782731243322","","","","","11.068666961924","","10.131047609148","","","8.94775892585108","","","","","7.35862709966676","","","","","6.10938005554531","5.88922037554223","5.73415427820482","","",
"Angola","AGO","Prevalence of current tobacco use (% of adults)","SH.PRV.SMOK","","","","","","","","","","","","","","","","","","","","","","","","","","","","","","","","","","","","","","","","","","","","","","","","","","","","","","","","","","","","","","","","","",
"Albania","ALB","Prevalence of current tobacco use (% of adults)","SH.PRV.SMOK","","","","","","","","","","","","","","","","","","","","","","","","","","","","","","","","","","","","","","","","","35.4","","","","","31.6","","30.2","","","28.3","","","","","25.4","","","","","22.9","22.4","21.9","","",
"Andorra","AND","Prevalence of current tobacco use (% of adults)","SH.PRV.SMOK","","","","","","","","","","","","","","","","","","","","","","","","","","","","","","","","","","","","","","","","","36","","","","","35.8","","35.7","","","35.7","","","","","35.8","","","","","36","36.1","36.3","","",
"Arab World","ARB","Prevalence of current tobacco use (% of adults)","SH.PRV.SMOK","","","","","","","","","","","","","","","","","","","","","","","","","","","","","","","","","","","","","","","","","21.7203916443583","","","","","21.0723750529259","","20.9074498462177","","","20.5841768650309","","","","","20.2975065576079","","","","","20.3020447977178","20.3926237156063","20.3320672779024","","",
"United Arab Emirates","ARE","Prevalence of current tobacco use (% of adults)","SH.PRV.SMOK","","","","","","","","","","","","","","","","","","","","","","","","","","","","","","","","","","","","","","","","","19.1","","","","","15.9","","14.8","","","13.3","","","","","11.2","","","","","9.6","9.3","9","","",
"Argentina","ARG","Prevalence of current tobacco use (% of adults)","SH.PRV.SMOK","","","","","","","","","","","","","","","","","","","","","","","","","","","","","","","","","","","","","","","","","34.3","","","","","31.5","","30.5","","","29","","","","","26.6","","","","","24.6","24.2","23.8","","",
"Armenia","ARM","Prevalence of current tobacco use (% of adults)","SH.PRV.SMOK","","","","","","","","","","","","","","","","","","","","","","","","","","","","","","","","","","","","","","","","","32.6","","","","","30.8","","30","","","28.8","","","","","27.2","","","","","25.8","25.3","24.9","","",
"American Samoa","ASM","Prevalence of current tobacco use (% of adults)","SH.PRV.SMOK","","","","","","","","","","","","","","","","","","","","","","","","","","","","","","","","","","","","","","","","","","","","","","","","","","","","","","","","","","","","","","","","","",
"Antigua and Barbuda","ATG","Prevalence of current tobacco use (% of adults)","SH.PRV.SMOK","","","","","","","","","","","","","","","","","","","","","","","","","","","","","","","","","","","","","","","","","","","","","","","","","","","","","","","","","","","","","","","","","",
"Australia","AUS","Prevalence of current tobacco use (% of adults)","SH.PRV.SMOK","","","","","","","","","","","","","","","","","","","","","","","","","","","","","","","","","","","","","","","","","24.5","","","","","21.2","","20","","","18.4","","","","","15.9","","","","","13.7","13.4","13.1","","",
"Austria","AUT","Prevalence of current tobacco use (% of adults)","SH.PRV.SMOK","","","","","","","","","","","","","","","","","","","","","","","","","","","","","","","","","","","","","","","","","52.5","","","","","44.4","","41.3","","","37.2","","","","","31.5","","","","","26.6","25.7","24.9","","",
"Azerbaijan","AZE","Prevalence of current tobacco use (% of adults)","SH.PRV.SMOK","","","","","","","","","","","","","","","","","","","","","","","","","","","","","","","","","","","","","","","","","28.8","","","","","26.1","","25.2","","","24","","","","","22","","","","","20.2","19.9","19.6","","",
"Burundi","BDI","Prevalence of current tobacco use (% of adults)","SH.PRV.SMOK","","","","","","","","","","","","","","","","","","","","","","","","","","","","","","","","","","","","","","","","","26.3","","","","","21.1","","19.5","","","17.3","","","","","14.3","","","","","12","11.6","11.2","","",
"Belgium","BEL","Prevalence of current tobacco use (% of adults)","SH.PRV.SMOK","","","","","","","","","","","","","","","","","","","","","","","","","","","","","","","","","","","","","","","","","30.9","","","","","29.9","","29.4","","","29","","","","","28","","","","","27.2","27","26.7","","",
"Benin","BEN","Prevalence of current tobacco use (% of adults)","SH.PRV.SMOK","","","","","","","","","","","","","","","","","","","","","","","","","","","","","","","","","","","","","","","","","17.6","","","","","13.8","","12.6","","","10.9","","","","","8.6","","","","","6.9","6.6","6.3","","",
"Burkina Faso","BFA","Prevalence of current tobacco use (% of adults)","SH.PRV.SMOK","","","","","","","","","","","","","","","","","","","","","","","","","","","","","","","","","","","","","","","","","30.7","","","","","25.2","","23.4","","","20.9","","","","","17.6","","","","","15.1","14.7","14.3","","",
"Bangladesh","BGD","Prevalence of current tobacco use (% of adults)","SH.PRV.SMOK","","","","","","","","","","","","","","","","","","","","","","","","","","","","","","","","","","","","","","","","","58.1","","","","","50.7","","48","","","44.2","","","","","38.9","","","","","34.4","33.8","32.9","","",
"Bulgaria","BGR","Prevalence of current tobacco use (% of adults)","SH.PRV.SMOK","","","","","","","","","","","","","","","","","","","","","","","","","","","","","","","","","","","","","","","","","47.4","","","","","44.9","","44.2","","","43","","","","","41.4","","","","","40","39.8","39.5","","",
"Bahrain","BHR","Prevalence of current tobacco use (% of adults)","SH.PRV.SMOK","","","","","","","","","","","","","","","","","","","","","","","","","","","","","","","","","","","","","","","","","22","","","","","20","","19.4","","","18.3","","","","","16.8","","","","","15.4","15.2","15","","",
"Bahamas, The","BHS","Prevalence of current tobacco use (% of adults)","SH.PRV.SMOK","","","","","","","","","","","","","","","","","","","","","","","","","","","","","","","","","","","","","","","","","12.1","","","","","11.7","","11.6","","","11.5","","","","","11.4","","","","","11.3","11.3","11.3","","",
"Bosnia and Herzegovina","BIH","Prevalence of current tobacco use (% of adults)","SH.PRV.SMOK","","","","","","","","","","","","","","","","","","","","","","","","","","","","","","","","","","","","","","","","","47","","","","","43.7","","42.7","","","41.1","","","","","38.8","","","","","36.8","36.4","36.2","","",
"Belarus","BLR","Prevalence of current tobacco use (% of adults)","SH.PRV.SMOK","","","","","","","","","","","","","","","","","","","","","","","","","","","","","","","","","","","","","","","","","42.8","","","","","39.5","","38.2","","","36.4","","","","","33.4","","","","","31.1","30.6","30.1","","",
"Belize","BLZ","Prevalence of current tobacco use (% of adults)","SH.PRV.SMOK","","","","","","","","","","","","","","","","","","","","","","","","","","","","","","","","","","","","","","","","","13.7","","","","","12.3","","11.8","","","11","","","","","10","","","","","9.1","8.9","8.8","","",
"Bermuda","BMU","Prevalence of current tobacco use (% of adults)","SH.PRV.SMOK","","","","","","","","","","","","","","","","","","","","","","","","","","","","","","","","","","","","","","","","","","","","","","","","","","","","","","","","","","","","","","","","","",
"Bolivia","BOL","Prevalence of current tobacco use (% of adults)","SH.PRV.SMOK","","","","","","","","","","","","","","","","","","","","","","","","","","","","","","","","","","","","","","","","","35.1","","","","","26.6","","23.9","","","20.7","","","","","16.4","","","","","13.4","12.8","12.4","","",
"Brazil","BRA","Prevalence of current tobacco use (% of adults)","SH.PRV.SMOK","","","","","","","","","","","","","","","","","","","","","","","","","","","","","","","","","","","","","","","","","23.8","","","","","20.3","","19","","","17.4","","","","","14.9","","","","","12.9","12.5","12.2","","",
"Barbados","BRB","Prevalence of current tobacco use (% of adults)","SH.PRV.SMOK","","","","","","","","","","","","","","","","","","","","","","","","","","","","","","","","","","","","","","","","","9.5","","","","","8.8","","8.5","","","8.1","","","","","7.6","","","","","7.1","7","7","","",
"Brunei Darussalam","BRN","Prevalence of current tobacco use (% of adults)","SH.PRV.SMOK","","","","","","","","","","","","","","","","","","","","","","","","","","","","","","","","","","","","","","","","","17.2","","","","","16.8","","16.7","","","16.5","","","","","16.4","","","","","16.4","16.4","16.4","","",
"Bhutan","BTN","Prevalence of current tobacco use (% of adults)","SH.PRV.SMOK","","","","","","","","","","","","","","","","","","","","","","","","","","","","","","","","","","","","","","","","","32.9","","","","","28.4","","26.9","","","24.9","","","","","21.9","","","","","19.6","19.1","18.7","","",
"Botswana","BWA","Prevalence of current tobacco use (% of adults)","SH.PRV.SMOK","","","","","","","","","","","","","","","","","","","","","","","","","","","","","","","","","","","","","","","","","35.1","","","","","29.4","","27.7","","","25.4","","","","","22.1","","","","","19.6","19.1","18.7","","",
"Central African Republic","CAF","Prevalence of current tobacco use (% of adults)","SH.PRV.SMOK","","","","","","","","","","","","","","","","","","","","","","","","","","","","","","","","","","","","","","","","","","","","","","","","","","","","","","","","","","","","","","","","","",
"Canada","CAN","Prevalence of current tobacco use (% of adults)","SH.PRV.SMOK","","","","","","","","","","","","","","","","","","","","","","","","","","","","","","","","","","","","","","","","","28.7","","","","","23.5","","21.6","","","19.3","","","","","15.8","","","","","13","12.5","12","","",
"Central Europe and the Baltics","CEB","Prevalence of current tobacco use (% of adults)","SH.PRV.SMOK","","","","","","","","","","","","","","","","","","","","","","","","","","","","","","","","","","","","","","","","","38.2624320277416","","","","","35.6735550061004","","34.7187572916217","","","33.3569456160206","","","","","31.2789571765763","","","","","29.3785709157887","29.0551387724273","28.748376439472","","",
"Switzerland","CHE","Prevalence of current tobacco use (% of adults)","SH.PRV.SMOK","","","","","","","","","","","","","","","","","","","","","","","","","","","","","","","","","","","","","","","","","28.3","","","","","27.6","","27.3","","","26.9","","","","","26.4","","","","","25.8","25.7","25.5","","",
"Channel Islands","CHI","Prevalence of current tobacco use (% of adults)","SH.PRV.SMOK","","","","","","","","","","","","","","","","","","","","","","","","","","","","","","","","","","","","","","","","","","","","","","","","","","","","","","","","","","","","","","","","","",
"Chile","CHL","Prevalence of current tobacco use (% of adults)","SH.PRV.SMOK","","","","","","","","","","","","","","","","","","","","","","","","","","","","","","","","","","","","","","","","","46.9","","","","","41.9","","40.1","","","37.5","","","","","33.6","","","","","30.1","29.5","28.7","","",
"China","CHN","Prevalence of current tobacco use (% of adults)","SH.PRV.SMOK","","","","","","","","","","","","","","","","","","","","","","","","","","","","","","","","","","","","","","","","","27","","","","","26","","25.6","","","25.2","","","","","24.4","","","","","23.7","23.4","23.4","","",
"Cote d'Ivoire","CIV","Prevalence of current tobacco use (% of adults)","SH.PRV.SMOK","","","","","","","","","","","","","","","","","","","","","","","","","","","","","","","","","","","","","","","","","20.7","","","","","16.7","","15.4","","","13.7","","","","","11.4","","","","","9.4","9.1","8.8","","",
"Cameroon","CMR","Prevalence of current tobacco use (% of adults)","SH.PRV.SMOK","","","","","","","","","","","","","","","","","","","","","","","","","","","","","","","","","","","","","","","","","15.9","","","","","12.8","","11.7","","","10.4","","","","","8.5","","","","","7","6.7","6.5","","",
"Congo, Dem. Rep.","COD","Prevalence of current tobacco use (% of adults)","SH.PRV.SMOK","","","","","","","","","","","","","","","","","","","","","","","","","","","","","","","","","","","","","","","","","22.2","","","","","19","","17.8","","","16.4","","","","","14.3","","","","","12.7","12.4","12.2","","",
"Congo, Rep.","COG","Prevalence of current tobacco use (% of adults)","SH.PRV.SMOK","","","","","","","","","","","","","","","","","","","","","","","","","","","","","","","","","","","","","","","","","12.3","","","","","12.6","","12.7","","","13","","","","","13.8","","","","","14.9","15.2","15.4","","",
"Colombia","COL","Prevalence of current tobacco use (% of adults)","SH.PRV.SMOK","","","","","","","","","","","","","","","","","","","","","","","","","","","","","","","","","","","","","","","","","15.7","","","","","13.4","","12.6","","","11.5","","","","","9.9","","","","","8.6","8.4","8.2","","",
"Comoros","COM","Prevalence of current tobacco use (% of adults)","SH.PRV.SMOK","","","","","","","","","","","","","","","","","","","","","","","","","","","","","","","","","","","","","","","","","50.2","","","","","37","","33.2","","","28.3","","","","","22.5","","","","","18.5","17.8","17.2","","",
"Cabo Verde","CPV","Prevalence of current tobacco use (% of adults)","SH.PRV.SMOK","","","","","","","","","","","","","","","","","","","","","","","","","","","","","","","","","","","","","","","","","20.1","","","","","17.4","","16.3","","","15.1","","","","","13.2","","","","","11.6","11.2","11","","",
"Costa Rica","CRI","Prevalence of current tobacco use (% of adults)","SH.PRV.SMOK","","","","","","","","","","","","","","","","","","","","","","","","","","","","","","","","","","","","","","","","","17.3","","","","","14.9","","14","","","12.7","","","","","10.9","","","","","9.4","9.1","8.9","","",
"Caribbean small states","CSS","Prevalence of current tobacco use (% of adults)","SH.PRV.SMOK","","","","","","","","","","","","","","","","","","","","","","","","","","","","","","","","","","","","","","","","","","","","","","","","","","","","","","","","","","","","","","","","","",
"Cuba","CUB","Prevalence of current tobacco use (% of adults)","SH.PRV.SMOK","","","","","","","","","","","","","","","","","","","","","","","","","","","","","","","","","","","","","","","","","39.6","","","","","32.6","","30.3","","","27.1","","","","","22.5","","","","","18.7","18.1","17.4","","",
"Curacao","CUW","Prevalence of current tobacco use (% of adults)","SH.PRV.SMOK","","","","","","","","","","","","","","","","","","","","","","","","","","","","","","","","","","","","","","","","","","","","","","","","","","","","","","","","","","","","","","","","","",
"Cayman Islands","CYM","Prevalence of current tobacco use (% of adults)","SH.PRV.SMOK","","","","","","","","","","","","","","","","","","","","","","","","","","","","","","","","","","","","","","","","","","","","","","","","","","","","","","","","","","","","","","","","","",
"Cyprus","CYP","Prevalence of current tobacco use (% of adults)","SH.PRV.SMOK","","","","","","","","","","","","","","","","","","","","","","","","","","","","","","","","","","","","","","","","","42.4","","","","","40.3","","39.7","","","38.6","","","","","37.1","","","","","35.9","35.8","35.6","","",
"Czechia","CZE","Prevalence of current tobacco use (% of adults)","SH.PRV.SMOK","","","","","","","","","","","","","","","","","","","","","","","","","","","","","","","","","","","","","","","","","34.9","","","","","33.7","","33.3","","","32.5","","","","","31.4","","","","","30.4","30.3","29.9","","",
"Germany","DEU","Prevalence of current tobacco use (% of adults)","SH.PRV.SMOK","","","","","","","","","","","","","","","","","","","","","","","","","","","","","","","","","","","","","","","","","36.2","","","","","32.1","","30.6","","","28.5","","","","","25.1","","","","","22.4","21.7","21.3","","",
"Djibouti","DJI","Prevalence of current tobacco use (% of adults)","SH.PRV.SMOK","","","","","","","","","","","","","","","","","","","","","","","","","","","","","","","","","","","","","","","","","","","","","","","","","","","","","","","","","","","","","","","","","",
"Dominica","DMA","Prevalence of current tobacco use (% of adults)","SH.PRV.SMOK","","","","","","","","","","","","","","","","","","","","","","","","","","","","","","","","","","","","","","","","","","","","","","","","","","","","","","","","","","","","","","","","","",
"Denmark","DNK","Prevalence of current tobacco use (% of adults)","SH.PRV.SMOK","","","","","","","","","","","","","","","","","","","","","","","","","","","","","","","","","","","","","","","","","37.8","","","","","31.2","","28.9","","","25.7","","","","","21.2","","","","","17.5","16.8","16.2","","",
"Dominican Republic","DOM","Prevalence of current tobacco use (% of adults)","SH.PRV.SMOK","","","","","","","","","","","","","","","","","","","","","","","","","","","","","","","","","","","","","","","","","18.8","","","","","16.4","","15.5","","","14.3","","","","","12.5","","","","","11","10.7","10.5","","",
"Algeria","DZA","Prevalence of current tobacco use (% of adults)","SH.PRV.SMOK","","","","","","","","","","","","","","","","","","","","","","","","","","","","","","","","","","","","","","","","","22.9","","","","","22.3","","22.2","","","21.7","","","","","21.3","","","","","21.2","21.2","21.2","","",
"East Asia & Pacific (excluding high income)","EAP","Prevalence of current tobacco use (% of adults)","SH.PRV.SMOK","","","","","","","","","","","","","","","","","","","","","","","","","","","","","","","","","","","","","","","","","29.5970631661164","","","","","28.332688358594","","27.8602369027835","","","27.3207434213698","","","","","26.4351378279324","","","","","25.6360794932628","25.3532542225383","25.3136516036694","","",
"Early-demographic dividend","EAR","Prevalence of current tobacco use (% of adults)","SH.PRV.SMOK","","","","","","","","","","","","","","","","","","","","","","","","","","","","","","","","","","","","","","","","","43.1401607315651","","","","","37.3229251052823","","35.169012201256","","","32.18663432107","","","","","28.0348812409148","","","","","24.691119173308","24.1214437206903","23.5518464608829","","",
"East Asia & Pacific","EAS","Prevalence of current tobacco use (% of adults)","SH.PRV.SMOK","","","","","","","","","","","","","","","","","","","","","","","","","","","","","","","","","","","","","","","","","29.9468209175097","","","","","28.3615108695231","","27.7829555831967","","","27.0864279083596","","","","","25.9865953516797","","","","","25.0152285131307","24.7137189088078","24.6402774459446","","",
"Europe & Central Asia (excluding high income)","ECA","Prevalence of current tobacco use (% of adults)","SH.PRV.SMOK","","","","","","","","","","","","","","","","","","","","","","","","","","","","","","","","","","","","","","","","","34.9541120471329","","","","","32.411252661091","","31.4023554567018","","","30.0599600644251","","","","","28.1638407590785","","","","","26.5247208556696","26.2886406202543","25.9310106884958","","",
"Europe & Central Asia","ECS","Prevalence of current tobacco use (% of adults)","SH.PRV.SMOK","","","","","","","","","","","","","","","","","","","","","","","","","","","","","","","","","","","","","","","","","35.0914198003185","","","","","32.4073220001484","","31.4706170343189","","","30.0952757844586","","","","","28.0777072600698","","","","","26.3786971124788","26.0652746652581","25.7502434177691","","",
"Ecuador","ECU","Prevalence of current tobacco use (% of adults)","SH.PRV.SMOK","","","","","","","","","","","","","","","","","","","","","","","","","","","","","","","","","","","","","","","","","14.5","","","","","13.3","","12.8","","","12.2","","","","","11.3","","","","","10.5","10.3","10.2","","",
"Egypt, Arab Rep.","EGY","Prevalence of current tobacco use (% of adults)","SH.PRV.SMOK","","","","","","","","","","","","","","","","","","","","","","","","","","","","","","","","","","","","","","","","","19.4","","","","","20.5","","21","","","21.6","","","","","22.8","","","","","24.2","24.5","24.7","","",
"Euro area","EMU","Prevalence of current tobacco use (% of adults)","SH.PRV.SMOK","","","","","","","","","","","","","","","","","","","","","","","","","","","","","","","","","","","","","","","","","34.5227781636048","","","","","32.214074928108","","31.4013581224057","","","30.2011484575241","","","","","28.3952417235398","","","","","26.8713838557487","26.551979891196","26.305215294913","","",
"Eritrea","ERI","Prevalence of current tobacco use (% of adults)","SH.PRV.SMOK","","","","","","","","","","","","","","","","","","","","","","","","","","","","","","","","","","","","","","","","","","","","","","","","","","","","","","","","","","","","","","","","","",
"Spain","ESP","Prevalence of current tobacco use (% of adults)","SH.PRV.SMOK","","","","","","","","","","","","","","","","","","","","","","","","","","","","","","","","","","","","","","","","","35","","","","","33.3","","32.8","","","31.7","","","","","30.3","","","","","28.9","28.7","28.4","","",
"Estonia","EST","Prevalence of current tobacco use (% of adults)","SH.PRV.SMOK","","","","","","","","","","","","","","","","","","","","","","","","","","","","","","","","","","","","","","","","","47.6","","","","","42.1","","40.3","","","37.3","","","","","33.3","","","","","29.6","28.9","28.3","","",
"Ethiopia","ETH","Prevalence of current tobacco use (% of adults)","SH.PRV.SMOK","","","","","","","","","","","","","","","","","","","","","","","","","","","","","","","","","","","","","","","","","6.3","","","","","6","","5.9","","","5.8","","","","","5.5","","","","","5.3","5.3","5.2","","",
"European Union","EUU","Prevalence of current tobacco use (% of adults)","SH.PRV.SMOK","","","","","","","","","","","","","","","","","","","","","","","","","","","","","","","","","","","","","","","","","35.63439663131","","","","","33.0605809771629","","32.1425536198794","","","30.8102135803478","","","","","28.7944442783504","","","","","27.0556963981505","26.7086368131888","26.4284547947647","","",
"Fragile and conflict affected situations","FCS","Prevalence of current tobacco use (% of adults)","SH.PRV.SMOK","","","","","","","","","","","","","","","","","","","","","","","","","","","","","","","","","","","","","","","","","24.9059521283804","","","","","21.6682355683261","","20.4229013765826","","","18.7316574839592","","","","","16.4297493080035","","","","","14.4012568881764","14.0610685569522","13.6707955809136","","",
"Finland","FIN","Prevalence of current tobacco use (% of adults)","SH.PRV.SMOK","","","","","","","","","","","","","","","","","","","","","","","","","","","","","","","","","","","","","","","","","38.7","","","","","34.1","","32.5","","","30.2","","","","","26.5","","","","","23.4","22.8","22.3","","",
"Fiji","FJI","Prevalence of current tobacco use (% of adults)","SH.PRV.SMOK","","","","","","","","","","","","","","","","","","","","","","","","","","","","","","","","","","","","","","","","","33.2","","","","","31.8","","31.2","","","30.4","","","","","29.2","","","","","28","27.9","27.6","","",
"France","FRA","Prevalence of current tobacco use (% of adults)","SH.PRV.SMOK","","","","","","","","","","","","","","","","","","","","","","","","","","","","","","","","","","","","","","","","","34.7","","","","","34.5","","34.5","","","34.4","","","","","34.5","","","","","34.5","34.5","34.6","","",
"Faroe Islands","FRO","Prevalence of current tobacco use (% of adults)","SH.PRV.SMOK","","","","","","","","","","","","","","","","","","","","","","","","","","","","","","","","","","","","","","","","","","","","","","","","","","","","","","","","","","","","","","","","","",
"Micronesia, Fed. Sts.","FSM","Prevalence of current tobacco use (% of adults)","SH.PRV.SMOK","","","","","","","","","","","","","","","","","","","","","","","","","","","","","","","","","","","","","","","","","","","","","","","","","","","","","","","","","","","","","","","","","",
"Gabon","GAB","Prevalence of current tobacco use (% of adults)","SH.PRV.SMOK","","","","","","","","","","","","","","","","","","","","","","","","","","","","","","","","","","","","","","","","","","","","","","","","","","","","","","","","","","","","","","","","","",
"United Kingdom","GBR","Prevalence of current tobacco use (% of adults)","SH.PRV.SMOK","","","","","","","","","","","","","","","","","","","","","","","","","","","","","","","","","","","","","","","","","37.6","","","","","30","","27.5","","","24.1","","","","","19.3","","","","","15.6","14.9","14.2","","",
"Georgia","GEO","Prevalence of current tobacco use (% of adults)","SH.PRV.SMOK","","","","","","","","","","","","","","","","","","","","","","","","","","","","","","","","","","","","","","","","","33.3","","","","","32.8","","32.7","","","32.4","","","","","32","","","","","31.9","31.8","31.8","","",
"Ghana","GHA","Prevalence of current tobacco use (% of adults)","SH.PRV.SMOK","","","","","","","","","","","","","","","","","","","","","","","","","","","","","","","","","","","","","","","","","7.1","","","","","6","","5.6","","","5.1","","","","","4.3","","","","","3.6","3.5","3.4","","",
"Gibraltar","GIB","Prevalence of current tobacco use (% of adults)","SH.PRV.SMOK","","","","","","","","","","","","","","","","","","","","","","","","","","","","","","","","","","","","","","","","","","","","","","","","","","","","","","","","","","","","","","","","","",
"Guinea","GIN","Prevalence of current tobacco use (% of adults)","SH.PRV.SMOK","","","","","","","","","","","","","","","","","","","","","","","","","","","","","","","","","","","","","","","","","","","","","","","","","","","","","","","","","","","","","","","","","",
"Gambia, The","GMB","Prevalence of current tobacco use (% of adults)","SH.PRV.SMOK","","","","","","","","","","","","","","","","","","","","","","","","","","","","","","","","","","","","","","","","","23.6","","","","","19.5","","18","","","16","","","","","13.4","","","","","11.2","10.8","10.5","","",
"Guinea-Bissau","GNB","Prevalence of current tobacco use (% of adults)","SH.PRV.SMOK","","","","","","","","","","","","","","","","","","","","","","","","","","","","","","","","","","","","","","","","","21","","","","","16.8","","15.3","","","13.4","","","","","10.9","","","","","8.9","8.6","8.2","","",
"Equatorial Guinea","GNQ","Prevalence of current tobacco use (% of adults)","SH.PRV.SMOK","","","","","","","","","","","","","","","","","","","","","","","","","","","","","","","","","","","","","","","","","","","","","","","","","","","","","","","","","","","","","","","","","",
"Greece","GRC","Prevalence of current tobacco use (% of adults)","SH.PRV.SMOK","","","","","","","","","","","","","","","","","","","","","","","","","","","","","","","","","","","","","","","","","55.8","","","","","49.1","","46.7","","","43.2","","","","","38.4","","","","","34.2","33.3","32.8","","",
"Grenada","GRD","Prevalence of current tobacco use (% of adults)","SH.PRV.SMOK","","","","","","","","","","","","","","","","","","","","","","","","","","","","","","","","","","","","","","","","","","","","","","","","","","","","","","","","","","","","","","","","","",
"Greenland","GRL","Prevalence of current tobacco use (% of adults)","SH.PRV.SMOK","","","","","","","","","","","","","","","","","","","","","","","","","","","","","","","","","","","","","","","","","","","","","","","","","","","","","","","","","","","","","","","","","",
"Guatemala","GTM","Prevalence of current tobacco use (% of adults)","SH.PRV.SMOK","","","","","","","","","","","","","","","","","","","","","","","","","","","","","","","","","","","","","","","","","14.1","","","","","13.4","","13.2","","","13","","","","","12.5","","","","","12.1","12","11.9","","",
"Guam","GUM","Prevalence of current tobacco use (% of adults)","SH.PRV.SMOK","","","","","","","","","","","","","","","","","","","","","","","","","","","","","","","","","","","","","","","","","","","","","","","","","","","","","","","","","","","","","","","","","",
"Guyana","GUY","Prevalence of current tobacco use (% of adults)","SH.PRV.SMOK","","","","","","","","","","","","","","","","","","","","","","","","","","","","","","","","","","","","","","","","","31.3","","","","","24.6","","22.4","","","19.4","","","","","15.3","","","","","12.2","11.7","11.1","","",
"High income","HIC","Prevalence of current tobacco use (% of adults)","SH.PRV.SMOK","","","","","","","","","","","","","","","","","","","","","","","","","","","","","","","","","","","","","","","","","33.4265268770332","","","","","30.4946234893911","","29.4782500556469","","","27.9671326798097","","","","","25.7100440625304","","","","","23.875442534628","23.5445611734338","23.178506995194","","",
"Hong Kong SAR, China","HKG","Prevalence of current tobacco use (% of adults)","SH.PRV.SMOK","","","","","","","","","","","","","","","","","","","","","","","","","","","","","","","","","","","","","","","","","","","","","","","","","","","","","","","","","","","","","","","","","",
"Honduras","HND","Prevalence of current tobacco use (% of adults)","SH.PRV.SMOK","","","","","","","","","","","","","","","","","","","","","","","","","","","","","","","","","","","","","","","","","17.2","","","","","15.8","","15.3","","","14.6","","","","","13.5","","","","","12.7","12.5","12.3","","",
"Heavily indebted poor countries (HIPC)","HPC","Prevalence of current tobacco use (% of adults)","SH.PRV.SMOK","","","","","","","","","","","","","","","","","","","","","","","","","","","","","","","","","","","","","","","","","20.689135666041","","","","","17.1902869597185","","16.019628781773","","","14.5022570430385","","","","","12.4051748721733","","","","","10.7526036691287","10.462300344253","10.1864096782736","","",
"Croatia","HRV","Prevalence of current tobacco use (% of adults)","SH.PRV.SMOK","","","","","","","","","","","","","","","","","","","","","","","","","","","","","","","","","","","","","","","","","34.8","","","","","35.1","","35.3","","","35.5","","","","","36.1","","","","","36.7","36.8","37","","",
"Haiti","HTI","Prevalence of current tobacco use (% of adults)","SH.PRV.SMOK","","","","","","","","","","","","","","","","","","","","","","","","","","","","","","","","","","","","","","","","","11.4","","","","","10.4","","10.1","","","9.6","","","","","8.9","","","","","8.3","8.2","8.1","","",
"Hungary","HUN","Prevalence of current tobacco use (% of adults)","SH.PRV.SMOK","","","","","","","","","","","","","","","","","","","","","","","","","","","","","","","","","","","","","","","","","37.5","","","","","36.1","","35.6","","","34.9","","","","","33.8","","","","","32.6","32.4","32.2","","",
"IBRD only","IBD","Prevalence of current tobacco use (% of adults)","SH.PRV.SMOK","","","","","","","","","","","","","","","","","","","","","","","","","","","","","","","","","","","","","","","","","35.1746964561043","","","","","31.7609385489606","","30.4871783754585","","","28.7639589214153","","","","","26.1966793060303","","","","","24.0272846557175","23.5895989845565","23.2559914610394","","",
"IDA & IBRD total","IBT","Prevalence of current tobacco use (% of adults)","SH.PRV.SMOK","","","","","","","","","","","","","","","","","","","","","","","","","","","","","","","","","","","","","","","","","34.6551408009352","","","","","30.9680803466862","","29.5937980305348","","","27.7070820557784","","","","","24.9211055853413","","","","","22.5375660639767","22.0710565521494","21.6849521631333","","",
"IDA total","IDA","Prevalence of current tobacco use (% of adults)","SH.PRV.SMOK","","","","","","","","","","","","","","","","","","","","","","","","","","","","","","","","","","","","","","","","","32.2115670935105","","","","","27.3893255890676","","25.6466346942394","","","23.212347864658","","","","","19.8210120754063","","","","","16.9807678986026","16.4959703485702","16.0086785314244","","",
"IDA blend","IDB","Prevalence of current tobacco use (% of adults)","SH.PRV.SMOK","","","","","","","","","","","","","","","","","","","","","","","","","","","","","","","","","","","","","","","","","25.5830494563338","","","","","21.5801034736734","","20.2551400554762","","","18.312379833092","","","","","15.4095331448137","","","","","13.0091258593836","12.5676197231927","12.1888112177165","","",
"Indonesia","IDN","Prevalence of current tobacco use (% of adults)","SH.PRV.SMOK","","","","","","","","","","","","","","","","","","","","","","","","","","","","","","","","","","","","","","","","","35.2","","","","","35.5","","35.8","","","36.2","","","","","37.1","","","","","37.8","37.9","38.2","","",
"IDA only","IDX","Prevalence of current tobacco use (% of adults)","SH.PRV.SMOK","","","","","","","","","","","","","","","","","","","","","","","","","","","","","","","","","","","","","","","","","36.2665123726167","","","","","31.0004952908261","","29.0253019852427","","","26.3192320462778","","","","","22.5769155466257","","","","","19.4251617429709","18.9130519557423","18.358802000578","","",
"Isle of Man","IMN","Prevalence of current tobacco use (% of adults)","SH.PRV.SMOK","","","","","","","","","","","","","","","","","","","","","","","","","","","","","","","","","","","","","","","","","","","","","","","","","","","","","","","","","","","","","","","","","",
"India","IND","Prevalence of current tobacco use (% of adults)","SH.PRV.SMOK","","","","","","","","","","","","","","","","","","","","","","","","","","","","","","","","","","","","","","","","","55.8","","","","","46.6","","43.1","","","38.3","","","","","31.5","","","","","26.1","25.2","24.3","","",
"Not classified","INX","Prevalence of current tobacco use (% of adults)","SH.PRV.SMOK","","","","","","","","","","","","","","","","","","","","","","","","","","","","","","","","","","","","","","","","","","","","","","","","","","","","","","","","","","","","","","","","","",
"Ireland","IRL","Prevalence of current tobacco use (% of adults)","SH.PRV.SMOK","","","","","","","","","","","","","","","","","","","","","","","","","","","","","","","","","","","","","","","","","35.7","","","","","30.9","","29.2","","","26.8","","","","","23.4","","","","","20.4","19.8","19.3","","",
"Iran, Islamic Rep.","IRN","Prevalence of current tobacco use (% of adults)","SH.PRV.SMOK","","","","","","","","","","","","","","","","","","","","","","","","","","","","","","","","","","","","","","","","","22","","","","","19.5","","18.6","","","17.3","","","","","15.5","","","","","13.9","13.6","13.3","","",
"Iraq","IRQ","Prevalence of current tobacco use (% of adults)","SH.PRV.SMOK","","","","","","","","","","","","","","","","","","","","","","","","","","","","","","","","","","","","","","","","","22.3","","","","","20.9","","20.6","","","20.1","","","","","19.5","","","","","19.2","19.3","19.2","","",
"Iceland","ISL","Prevalence of current tobacco use (% of adults)","SH.PRV.SMOK","","","","","","","","","","","","","","","","","","","","","","","","","","","","","","","","","","","","","","","","","32.2","","","","","24.2","","21.7","","","18.3","","","","","13.8","","","","","10.5","9.9","9.4","","",
"Israel","ISR","Prevalence of current tobacco use (% of adults)","SH.PRV.SMOK","","","","","","","","","","","","","","","","","","","","","","","","","","","","","","","","","","","","","","","","","31.2","","","","","28.2","","27.1","","","25.7","","","","","23.2","","","","","21.2","20.7","20.4","","",
"Italy","ITA","Prevalence of current tobacco use (% of adults)","SH.PRV.SMOK","","","","","","","","","","","","","","","","","","","","","","","","","","","","","","","","","","","","","","","","","26.1","","","","","25.2","","24.8","","","24.4","","","","","23.5","","","","","22.7","22.6","22.4","","",
"Jamaica","JAM","Prevalence of current tobacco use (% of adults)","SH.PRV.SMOK","","","","","","","","","","","","","","","","","","","","","","","","","","","","","","","","","","","","","","","","","17.1","","","","","14.9","","14.1","","","13","","","","","11.5","","","","","10.1","9.9","9.7","","",
"Jordan","JOR","Prevalence of current tobacco use (% of adults)","SH.PRV.SMOK","","","","","","","","","","","","","","","","","","","","","","","","","","","","","","","","","","","","","","","","","31.5","","","","","32.3","","32.6","","","33.1","","","","","34.1","","","","","35.1","35.3","35.6","","",
"Japan","JPN","Prevalence of current tobacco use (% of adults)","SH.PRV.SMOK","","","","","","","","","","","","","","","","","","","","","","","","","","","","","","","","","","","","","","","","","33.6","","","","","29.4","","27.9","","","25.9","","","","","22.8","","","","","20.2","19.6","19.2","","",
"Kazakhstan","KAZ","Prevalence of current tobacco use (% of adults)","SH.PRV.SMOK","","","","","","","","","","","","","","","","","","","","","","","","","","","","","","","","","","","","","","","","","35.1","","","","","31.6","","30.2","","","28.4","","","","","25.7","","","","","23.1","22.7","22.2","","",
"Kenya","KEN","Prevalence of current tobacco use (% of adults)","SH.PRV.SMOK","","","","","","","","","","","","","","","","","","","","","","","","","","","","","","","","","","","","","","","","","19.5","","","","","16.9","","15.9","","","14.7","","","","","12.8","","","","","11.3","11","10.7","","",
"Kyrgyz Republic","KGZ","Prevalence of current tobacco use (% of adults)","SH.PRV.SMOK","","","","","","","","","","","","","","","","","","","","","","","","","","","","","","","","","","","","","","","","","30.9","","","","","29.6","","29.3","","","28.7","","","","","28","","","","","27.5","27.4","27.3","","",
"Cambodia","KHM","Prevalence of current tobacco use (% of adults)","SH.PRV.SMOK","","","","","","","","","","","","","","","","","","","","","","","","","","","","","","","","","","","","","","","","","42","","","","","34.4","","31.5","","","28","","","","","22.7","","","","","18.6","18","17.2","","",
"Kiribati","KIR","Prevalence of current tobacco use (% of adults)","SH.PRV.SMOK","","","","","","","","","","","","","","","","","","","","","","","","","","","","","","","","","","","","","","","","","68","","","","","60.5","","57.4","","","53.4","","","","","47.1","","","","","41.6","40.7","39.7","","",
"St. Kitts and Nevis","KNA","Prevalence of current tobacco use (% of adults)","SH.PRV.SMOK","","","","","","","","","","","","","","","","","","","","","","","","","","","","","","","","","","","","","","","","","","","","","","","","","","","","","","","","","","","","","","","","","",
"Korea, Rep.","KOR","Prevalence of current tobacco use (% of adults)","SH.PRV.SMOK","","","","","","","","","","","","","","","","","","","","","","","","","","","","","","","","","","","","","","","","","35.2","","","","","30.9","","29.4","","","27","","","","","23.8","","","","","21","20.5","20","","",
"Kuwait","KWT","Prevalence of current tobacco use (% of adults)","SH.PRV.SMOK","","","","","","","","","","","","","","","","","","","","","","","","","","","","","","","","","","","","","","","","","21.1","","","","","20.5","","20.3","","","20.1","","","","","19.9","","","","","19.9","19.9","19.9","","",
"Latin America & Caribbean (excluding high income)","LAC","Prevalence of current tobacco use (% of adults)","SH.PRV.SMOK","","","","","","","","","","","","","","","","","","","","","","","","","","","","","","","","","","","","","","","","","24.1315299009722","","","","","20.6418575211075","","19.4309191573709","","","17.8286299547509","","","","","15.4867650134367","","","","","13.5904094471966","13.230219286636","12.9213537649085","","",
"Lao PDR","LAO","Prevalence of current tobacco use (% of adults)","SH.PRV.SMOK","","","","","","","","","","","","","","","","","","","","","","","","","","","","","","","","","","","","","","","","","51.8","","","","","44.2","","41.5","","","38","","","","","32.8","","","","","28.7","27.8","27.2","","",
"Lebanon","LBN","Prevalence of current tobacco use (% of adults)","SH.PRV.SMOK","","","","","","","","","","","","","","","","","","","","","","","","","","","","","","","","","","","","","","","","","36.4","","","","","35.6","","35.6","","","35.1","","","","","34.7","","","","","34.4","34.3","34.3","","",
"Liberia","LBR","Prevalence of current tobacco use (% of adults)","SH.PRV.SMOK","","","","","","","","","","","","","","","","","","","","","","","","","","","","","","","","","","","","","","","","","17.5","","","","","14.6","","13.6","","","12.3","","","","","10.3","","","","","8.8","8.5","8.2","","",
"Libya","LBY","Prevalence of current tobacco use (% of adults)","SH.PRV.SMOK","","","","","","","","","","","","","","","","","","","","","","","","","","","","","","","","","","","","","","","","","","","","","","","","","","","","","","","","","","","","","","","","","",
"St. Lucia","LCA","Prevalence of current tobacco use (% of adults)","SH.PRV.SMOK","","","","","","","","","","","","","","","","","","","","","","","","","","","","","","","","","","","","","","","","","20.2","","","","","18.3","","17.6","","","16.8","","","","","15.4","","","","","14.3","14.1","13.8","","",
"Latin America & Caribbean","LCN","Prevalence of current tobacco use (% of adults)","SH.PRV.SMOK","","","","","","","","","","","","","","","","","","","","","","","","","","","","","","","","","","","","","","","","","24.8765801471203","","","","","21.3264393156152","","20.0931526098571","","","18.4508816346581","","","","","16.0493986345715","","","","","14.1056510225422","13.7363576171567","13.4098250634915","","",
"Least developed countries: UN classification","LDC","Prevalence of current tobacco use (% of adults)","SH.PRV.SMOK","","","","","","","","","","","","","","","","","","","","","","","","","","","","","","","","","","","","","","","","","37.8248234253392","","","","","32.2741061737258","","30.1813507505212","","","27.3155220058336","","","","","23.3458244777626","","","","","20.0132267720284","19.475930683424","18.8900415559877","","",
"Low income","LIC","Prevalence of current tobacco use (% of adults)","SH.PRV.SMOK","","","","","","","","","","","","","","","","","","","","","","","","","","","","","","","","","","","","","","","","","27.0249286507434","","","","","22.8790282840607","","21.4618913209762","","","19.6016308350664","","","","","16.9887083859999","","","","","14.8243365104945","14.439854637888","14.0660354919145","","",
"Liechtenstein","LIE","Prevalence of current tobacco use (% of adults)","SH.PRV.SMOK","","","","","","","","","","","","","","","","","","","","","","","","","","","","","","","","","","","","","","","","","","","","","","","","","","","","","","","","","","","","","","","","","",
"Sri Lanka","LKA","Prevalence of current tobacco use (% of adults)","SH.PRV.SMOK","","","","","","","","","","","","","","","","","","","","","","","","","","","","","","","","","","","","","","","","","30.2","","","","","27","","25.9","","","24.3","","","","","22.1","","","","","20.2","19.8","19.5","","",
"Lower middle income","LMC","Prevalence of current tobacco use (% of adults)","SH.PRV.SMOK","","","","","","","","","","","","","","","","","","","","","","","","","","","","","","","","","","","","","","","","","45.2279582883184","","","","","38.3090803220634","","35.723472013294","","","32.135681517421","","","","","27.1384089082263","","","","","23.0719076545563","22.3754596233206","21.6777443363208","","",
"Low & middle income","LMY","Prevalence of current tobacco use (% of adults)","SH.PRV.SMOK","","","","","","","","","","","","","","","","","","","","","","","","","","","","","","","","","","","","","","","","","34.9354252484533","","","","","31.1216154684687","","29.7014848166834","","","27.7713577159303","","","","","24.9354082844717","","","","","22.5183236303661","22.0448057098284","21.6559463530431","","",
"Lesotho","LSO","Prevalence of current tobacco use (% of adults)","SH.PRV.SMOK","","","","","","","","","","","","","","","","","","","","","","","","","","","","","","","","","","","","","","","","","32","","","","","29.4","","28.5","","","27.5","","","","","26","","","","","25","24.7","24.3","","",
"Late-demographic dividend","LTE","Prevalence of current tobacco use (% of adults)","SH.PRV.SMOK","","","","","","","","","","","","","","","","","","","","","","","","","","","","","","","","","","","","","","","","","27.8773177076455","","","","","26.2531751231241","","25.6386325759272","","","24.8691089191529","","","","","23.5792465052489","","","","","22.4561006874795","22.1442221956759","22.0219191288143","","",
"Lithuania","LTU","Prevalence of current tobacco use (% of adults)","SH.PRV.SMOK","","","","","","","","","","","","","","","","","","","","","","","","","","","","","","","","","","","","","","","","","42.9","","","","","39.9","","38.7","","","37.1","","","","","34.6","","","","","32.3","31.8","31.4","","",
"Luxembourg","LUX","Prevalence of current tobacco use (% of adults)","SH.PRV.SMOK","","","","","","","","","","","","","","","","","","","","","","","","","","","","","","","","","","","","","","","","","29.8","","","","","28.2","","27.5","","","26.4","","","","","24.9","","","","","23.5","23.3","23","","",
"Latvia","LVA","Prevalence of current tobacco use (% of adults)","SH.PRV.SMOK","","","","","","","","","","","","","","","","","","","","","","","","","","","","","","","","","","","","","","","","","45.4","","","","","42.4","","41.3","","","39.6","","","","","37.1","","","","","34.7","34.3","33.9","","",
"Macao SAR, China","MAC","Prevalence of current tobacco use (% of adults)","SH.PRV.SMOK","","","","","","","","","","","","","","","","","","","","","","","","","","","","","","","","","","","","","","","","","","","","","","","","","","","","","","","","","","","","","","","","","",
"St. Martin (French part)","MAF","Prevalence of current tobacco use (% of adults)","SH.PRV.SMOK","","","","","","","","","","","","","","","","","","","","","","","","","","","","","","","","","","","","","","","","","","","","","","","","","","","","","","","","","","","","","","","","","",
"Morocco","MAR","Prevalence of current tobacco use (% of adults)","SH.PRV.SMOK","","","","","","","","","","","","","","","","","","","","","","","","","","","","","","","","","","","","","","","","","20.4","","","","","18.3","","17.5","","","16.5","","","","","14.9","","","","","13.5","13.3","13","","",
"Monaco","MCO","Prevalence of current tobacco use (% of adults)","SH.PRV.SMOK","","","","","","","","","","","","","","","","","","","","","","","","","","","","","","","","","","","","","","","","","","","","","","","","","","","","","","","","","","","","","","","","","",
"Moldova","MDA","Prevalence of current tobacco use (% of adults)","SH.PRV.SMOK","","","","","","","","","","","","","","","","","","","","","","","","","","","","","","","","","","","","","","","","","25.2","","","","","26.1","","26.5","","","27","","","","","28.1","","","","","29.2","29.5","29.7","","",
"Madagascar","MDG","Prevalence of current tobacco use (% of adults)","SH.PRV.SMOK","","","","","","","","","","","","","","","","","","","","","","","","","","","","","","","","","","","","","","","","","53.1","","","","","43.9","","41","","","37","","","","","32.1","","","","","28.2","27.5","26.8","","",
"Maldives","MDV","Prevalence of current tobacco use (% of adults)","SH.PRV.SMOK","","","","","","","","","","","","","","","","","","","","","","","","","","","","","","","","","","","","","","","","","42.4","","","","","37.6","","36.1","","","33.7","","","","","30.3","","","","","27.5","26.9","26.3","","",
"Middle East, North Africa, Afghanistan & Pakistan","MEA","Prevalence of current tobacco use (% of adults)","SH.PRV.SMOK","","","","","","","","","","","","","","","","","","","","","","","","","","","","","","","","","","","","","","","","","27.9219744515727","","","","","25.0971907882966","","24.2063356505135","","","22.8523119282105","","","","","20.9840315226911","","","","","19.6080844328644","19.3785718940494","19.1056717026646","","",
"Mexico","MEX","Prevalence of current tobacco use (% of adults)","SH.PRV.SMOK","","","","","","","","","","","","","","","","","","","","","","","","","","","","","","","","","","","","","","","","","22.7","","","","","20.6","","19.9","","","18.7","","","","","17","","","","","15.5","15.2","14.9","","",
"Marshall Islands","MHL","Prevalence of current tobacco use (% of adults)","SH.PRV.SMOK","","","","","","","","","","","","","","","","","","","","","","","","","","","","","","","","","","","","","","","","","27.5","","","","","27.8","","28.2","","","28.5","","","","","29.1","","","","","29.6","29.7","29.8","","",
"Middle income","MIC","Prevalence of current tobacco use (% of adults)","SH.PRV.SMOK","","","","","","","","","","","","","","","","","","","","","","","","","","","","","","","","","","","","","","","","","35.2807128157453","","","","","31.4982025452348","","30.087031993072","","","28.1704618932416","","","","","25.3568400929666","","","","","22.9648785961145","22.4942941003321","22.1126865715162","","",
"North Macedonia","MKD","Prevalence of current tobacco use (% of adults)","SH.PRV.SMOK","","","","","","","","","","","","","","","","","","","","","","","","","","","","","","","","","","","","","","","","","","","","","","","","","","","","","","","","","","","","","","","","","",
"Mali","MLI","Prevalence of current tobacco use (% of adults)","SH.PRV.SMOK","","","","","","","","","","","","","","","","","","","","","","","","","","","","","","","","","","","","","","","","","16.7","","","","","14","","13.1","","","11.8","","","","","10","","","","","8.5","8.3","8","","",
"Malta","MLT","Prevalence of current tobacco use (% of adults)","SH.PRV.SMOK","","","","","","","","","","","","","","","","","","","","","","","","","","","","","","","","","","","","","","","","","33","","","","","30.7","","30","","","28.8","","","","","26.8","","","","","25.4","25.1","24.7","","",
"Myanmar","MMR","Prevalence of current tobacco use (% of adults)","SH.PRV.SMOK","","","","","","","","","","","","","","","","","","","","","","","","","","","","","","","","","","","","","","","","","65.4","","","","","60.5","","58.2","","","54.8","","","","","50.2","","","","","45.9","45.1","44.4","","",
"Middle East, North Africa, Afghanistan & Pakistan (excluding high income)","MNA","Prevalence of current tobacco use (% of adults)","SH.PRV.SMOK","","","","","","","","","","","","","","","","","","","","","","","","","","","","","","","","","","","","","","","","","28.6567499288503","","","","","25.792456607894","","24.9211742287473","","","23.5328327240979","","","","","21.664174722606","","","","","20.1570839935635","19.8970103557551","19.6166211308623","","",
"Montenegro","MNE","Prevalence of current tobacco use (% of adults)","SH.PRV.SMOK","","","","","","","","","","","","","","","","","","","","","","","","","","","","","","","","","","","","","","","","","38.6","","","","","36.7","","36.1","","","35.2","","","","","33.7","","","","","32.4","32.3","32","","",
"Mongolia","MNG","Prevalence of current tobacco use (% of adults)","SH.PRV.SMOK","","","","","","","","","","","","","","","","","","","","","","","","","","","","","","","","","","","","","","","","","33.2","","","","","32.2","","31.8","","","31.3","","","","","30.5","","","","","30","29.6","29.5","","",
"Northern Mariana Islands","MNP","Prevalence of current tobacco use (% of adults)","SH.PRV.SMOK","","","","","","","","","","","","","","","","","","","","","","","","","","","","","","","","","","","","","","","","","","","","","","","","","","","","","","","","","","","","","","","","","",
"Mozambique","MOZ","Prevalence of current tobacco use (% of adults)","SH.PRV.SMOK","","","","","","","","","","","","","","","","","","","","","","","","","","","","","","","","","","","","","","","","","","","","","","","","","","","","","","","","","","","","","","","","","",
"Mauritania","MRT","Prevalence of current tobacco use (% of adults)","SH.PRV.SMOK","","","","","","","","","","","","","","","","","","","","","","","","","","","","","","","","","","","","","","","","","22","","","","","18.1","","16.7","","","14.8","","","","","12.3","","","","","10.2","9.8","9.5","","",
"Mauritius","MUS","Prevalence of current tobacco use (% of adults)","SH.PRV.SMOK","","","","","","","","","","","","","","","","","","","","","","","","","","","","","","","","","","","","","","","","","25.4","","","","","24.1","","23.7","","","23","","","","","22.1","","","","","21.3","21.1","20.9","","",
"Malawi","MWI","Prevalence of current tobacco use (% of adults)","SH.PRV.SMOK","","","","","","","","","","","","","","","","","","","","","","","","","","","","","","","","","","","","","","","","","24.1","","","","","19.4","","17.9","","","15.8","","","","","12.9","","","","","10.5","10.1","9.7","","",
"Malaysia","MYS","Prevalence of current tobacco use (% of adults)","SH.PRV.SMOK","","","","","","","","","","","","","","","","","","","","","","","","","","","","","","","","","","","","","","","","","30.8","","","","","28.2","","27.2","","","26","","","","","24","","","","","22.6","22.2","22","","",
"North America","NAC","Prevalence of current tobacco use (% of adults)","SH.PRV.SMOK","","","","","","","","","","","","","","","","","","","","","","","","","","","","","","","","","","","","","","","","","31.2192292610987","","","","","28.9820626139999","","28.2479914808508","","","27.018467756297","","","","","25.2169570201822","","","","","23.6418491779816","23.4072107295874","22.9833033968728","","",
"Namibia","NAM","Prevalence of current tobacco use (% of adults)","SH.PRV.SMOK","","","","","","","","","","","","","","","","","","","","","","","","","","","","","","","","","","","","","","","","","26.5","","","","","22.6","","21.2","","","19.4","","","","","16.9","","","","","14.9","14.5","14.1","","",
"New Caledonia","NCL","Prevalence of current tobacco use (% of adults)","SH.PRV.SMOK","","","","","","","","","","","","","","","","","","","","","","","","","","","","","","","","","","","","","","","","","","","","","","","","","","","","","","","","","","","","","","","","","",
"Niger","NER","Prevalence of current tobacco use (% of adults)","SH.PRV.SMOK","","","","","","","","","","","","","","","","","","","","","","","","","","","","","","","","","","","","","","","","","9.7","","","","","9.1","","8.9","","","8.6","","","","","8.1","","","","","7.8","7.7","7.7","","",
"Nigeria","NGA","Prevalence of current tobacco use (% of adults)","SH.PRV.SMOK","","","","","","","","","","","","","","","","","","","","","","","","","","","","","","","","","","","","","","","","","10.7","","","","","8.1","","7.2","","","6.1","","","","","4.7","","","","","3.6","3.4","3.3","","",
"Nicaragua","NIC","Prevalence of current tobacco use (% of adults)","SH.PRV.SMOK","","","","","","","","","","","","","","","","","","","","","","","","","","","","","","","","","","","","","","","","","","","","","","","","","","","","","","","","","","","","","","","","","",
"Netherlands","NLD","Prevalence of current tobacco use (% of adults)","SH.PRV.SMOK","","","","","","","","","","","","","","","","","","","","","","","","","","","","","","","","","","","","","","","","","34.5","","","","","30.7","","29.5","","","27.7","","","","","24.7","","","","","22.2","21.7","21.3","","",
"Norway","NOR","Prevalence of current tobacco use (% of adults)","SH.PRV.SMOK","","","","","","","","","","","","","","","","","","","","","","","","","","","","","","","","","","","","","","","","","44.9","","","","","34.6","","31.2","","","26.6","","","","","20.5","","","","","15.8","15","14.2","","",
"Nepal","NPL","Prevalence of current tobacco use (% of adults)","SH.PRV.SMOK","","","","","","","","","","","","","","","","","","","","","","","","","","","","","","","","","","","","","","","","","64.7","","","","","54.5","","49.9","","","44","","","","","36.3","","","","","30.3","29.4","28.3","","",
"Nauru","NRU","Prevalence of current tobacco use (% of adults)","SH.PRV.SMOK","","","","","","","","","","","","","","","","","","","","","","","","","","","","","","","","","","","","","","","","","63.6","","","","","59.6","","57.8","","","55.6","","","","","52.6","","","","","49.4","48.9","48.3","","",
"New Zealand","NZL","Prevalence of current tobacco use (% of adults)","SH.PRV.SMOK","","","","","","","","","","","","","","","","","","","","","","","","","","","","","","","","","","","","","","","","","30.4","","","","","24.8","","22.7","","","20.1","","","","","16.4","","","","","13.3","12.8","12.2","","",
"OECD members","OED","Prevalence of current tobacco use (% of adults)","SH.PRV.SMOK","","","","","","","","","","","","","","","","","","","","","","","","","","","","","","","","","","","","","","","","","32.5585448121007","","","","","29.5143238380688","","28.4597705121923","","","26.9136866548189","","","","","24.6360972686237","","","","","22.7024100432034","22.3526609785187","21.9838199321139","","",
"Oman","OMN","Prevalence of current tobacco use (% of adults)","SH.PRV.SMOK","","","","","","","","","","","","","","","","","","","","","","","","","","","","","","","","","","","","","","","","","7.5","","","","","7.7","","7.7","","","7.9","","","","","8.1","","","","","8.3","8.4","8.4","","",
"Other small states","OSS","Prevalence of current tobacco use (% of adults)","SH.PRV.SMOK","","","","","","","","","","","","","","","","","","","","","","","","","","","","","","","","","","","","","","","","","35.1089232569603","","","","","31.6976641443442","","30.566347714489","","","28.89520623859","","","","","26.6273454892606","","","","","24.7114397054688","24.3440081509607","23.9709006723163","","",
"Pakistan","PAK","Prevalence of current tobacco use (% of adults)","SH.PRV.SMOK","","","","","","","","","","","","","","","","","","","","","","","","","","","","","","","","","","","","","","","","","39.3","","","","","33.1","","31.1","","","28","","","","","23.7","","","","","20.2","19.5","18.9","","",
"Panama","PAN","Prevalence of current tobacco use (% of adults)","SH.PRV.SMOK","","","","","","","","","","","","","","","","","","","","","","","","","","","","","","","","","","","","","","","","","14.1","","","","","11.1","","10.1","","","8.8","","","","","7.1","","","","","5.6","5.4","5.2","","",
"Peru","PER","Prevalence of current tobacco use (% of adults)","SH.PRV.SMOK","","","","","","","","","","","","","","","","","","","","","","","","","","","","","","","","","","","","","","","","","34.7","","","","","24","","20.7","","","16.7","","","","","11.7","","","","","8.2","7.6","7.1","","",
"Philippines","PHL","Prevalence of current tobacco use (% of adults)","SH.PRV.SMOK","","","","","","","","","","","","","","","","","","","","","","","","","","","","","","","","","","","","","","","","","36.5","","","","","31.7","","30.1","","","27.7","","","","","24.4","","","","","21.6","20.9","20.4","","",
"Palau","PLW","Prevalence of current tobacco use (% of adults)","SH.PRV.SMOK","","","","","","","","","","","","","","","","","","","","","","","","","","","","","","","","","","","","","","","","","26.2","","","","","23.6","","22.7","","","21.5","","","","","19.6","","","","","18","17.7","17.3","","",
"Papua New Guinea","PNG","Prevalence of current tobacco use (% of adults)","SH.PRV.SMOK","","","","","","","","","","","","","","","","","","","","","","","","","","","","","","","","","","","","","","","","","53.8","","","","","50.2","","48.7","","","46.6","","","","","43.5","","","","","40.7","40.2","39.6","","",
"Poland","POL","Prevalence of current tobacco use (% of adults)","SH.PRV.SMOK","","","","","","","","","","","","","","","","","","","","","","","","","","","","","","","","","","","","","","","","","38.9","","","","","34.6","","33","","","30.9","","","","","27.6","","","","","24.5","24","23.6","","",
"Pre-demographic dividend","PRE","Prevalence of current tobacco use (% of adults)","SH.PRV.SMOK","","","","","","","","","","","","","","","","","","","","","","","","","","","","","","","","","","","","","","","","","20.4106740335646","","","","","16.8866546622024","","15.6889885083402","","","14.1689695736691","","","","","12.1213748972357","","","","","10.4691951020737","10.1763561401233","9.92154663471949","","",
"Puerto Rico (US)","PRI","Prevalence of current tobacco use (% of adults)","SH.PRV.SMOK","","","","","","","","","","","","","","","","","","","","","","","","","","","","","","","","","","","","","","","","","","","","","","","","","","","","","","","","","","","","","","","","","",
"Korea, Dem. People's Rep.","PRK","Prevalence of current tobacco use (% of adults)","SH.PRV.SMOK","","","","","","","","","","","","","","","","","","","","","","","","","","","","","","","","","","","","","","","","","29.5","","","","","25.8","","24.5","","","22.7","","","","","19.8","","","","","17.4","17","16.5","","",
"Portugal","PRT","Prevalence of current tobacco use (% of adults)","SH.PRV.SMOK","","","","","","","","","","","","","","","","","","","","","","","","","","","","","","","","","","","","","","","","","26","","","","","25.7","","25.7","","","25.5","","","","","25.5","","","","","25.6","25.6","25.6","","",
"Paraguay","PRY","Prevalence of current tobacco use (% of adults)","SH.PRV.SMOK","","","","","","","","","","","","","","","","","","","","","","","","","","","","","","","","","","","","","","","","","29.4","","","","","23.2","","21.1","","","18.4","","","","","14.6","","","","","11.7","11.2","10.7","","",
"West Bank and Gaza","PSE","Prevalence of current tobacco use (% of adults)","SH.PRV.SMOK","","","","","","","","","","","","","","","","","","","","","","","","","","","","","","","","","","","","","","","","","","","","","","","","","","","","","","","","","","","","","","","","","",
"Pacific island small states","PSS","Prevalence of current tobacco use (% of adults)","SH.PRV.SMOK","","","","","","","","","","","","","","","","","","","","","","","","","","","","","","","","","","","","","","","","","38.144618706535","","","","","36.0970306074671","","35.2625436980435","","","34.268691932453","","","","","32.7691644437239","","","","","31.5634112735411","31.3752591451696","31.1083177938967","","",
"Post-demographic dividend","PST","Prevalence of current tobacco use (% of adults)","SH.PRV.SMOK","","","","","","","","","","","","","","","","","","","","","","","","","","","","","","","","","","","","","","","","","33.9376160363156","","","","","30.7669894314853","","29.658370747207","","","28.0310876668168","","","","","25.636177254583","","","","","23.6131329273475","23.2444713593994","22.843063234021","","",
"French Polynesia","PYF","Prevalence of current tobacco use (% of adults)","SH.PRV.SMOK","","","","","","","","","","","","","","","","","","","","","","","","","","","","","","","","","","","","","","","","","","","","","","","","","","","","","","","","","","","","","","","","","",
"Qatar","QAT","Prevalence of current tobacco use (% of adults)","SH.PRV.SMOK","","","","","","","","","","","","","","","","","","","","","","","","","","","","","","","","","","","","","","","","","12.9","","","","","12.7","","12.6","","","12.5","","","","","12.5","","","","","12.5","12.5","12.5","","",
"Romania","ROU","Prevalence of current tobacco use (% of adults)","SH.PRV.SMOK","","","","","","","","","","","","","","","","","","","","","","","","","","","","","","","","","","","","","","","","","36.9","","","","","35.3","","34.6","","","33.6","","","","","32","","","","","30.7","30.3","30","","",
"Russian Federation","RUS","Prevalence of current tobacco use (% of adults)","SH.PRV.SMOK","","","","","","","","","","","","","","","","","","","","","","","","","","","","","","","","","","","","","","","","","32.7","","","","","31.6","","31.4","","","30.8","","","","","30","","","","","29.4","29.3","29.2","","",
"Rwanda","RWA","Prevalence of current tobacco use (% of adults)","SH.PRV.SMOK","","","","","","","","","","","","","","","","","","","","","","","","","","","","","","","","","","","","","","","","","24.4","","","","","21.2","","20.1","","","18.6","","","","","16.6","","","","","14.9","14.6","14.3","","",
"South Asia","SAS","Prevalence of current tobacco use (% of adults)","SH.PRV.SMOK","","","","","","","","","","","","","","","","","","","","","","","","","","","","","","","","","","","","","","","","","55.7393464239759","","","","","46.8286855101711","","43.4357037147412","","","38.7717728976102","","","","","32.1859767340141","","","","","26.9067719189484","26.0418939429683","25.1487267996836","","",
"Saudi Arabia","SAU","Prevalence of current tobacco use (% of adults)","SH.PRV.SMOK","","","","","","","","","","","","","","","","","","","","","","","","","","","","","","","","","","","","","","","","","14.2","","","","","14.3","","14.3","","","14.3","","","","","14.4","","","","","14.8","14.8","14.9","","",
"Sudan","SDN","Prevalence of current tobacco use (% of adults)","SH.PRV.SMOK","","","","","","","","","","","","","","","","","","","","","","","","","","","","","","","","","","","","","","","","","","","","","","","","","","","","","","","","","","","","","","","","","",
"Senegal","SEN","Prevalence of current tobacco use (% of adults)","SH.PRV.SMOK","","","","","","","","","","","","","","","","","","","","","","","","","","","","","","","","","","","","","","","","","14.9","","","","","12.3","","11.4","","","10.2","","","","","8.4","","","","","7","6.7","6.5","","",
"Singapore","SGP","Prevalence of current tobacco use (% of adults)","SH.PRV.SMOK","","","","","","","","","","","","","","","","","","","","","","","","","","","","","","","","","","","","","","","","","16.9","","","","","16.8","","16.7","","","16.6","","","","","16.6","","","","","16.3","16.3","16.4","","",
"Solomon Islands","SLB","Prevalence of current tobacco use (% of adults)","SH.PRV.SMOK","","","","","","","","","","","","","","","","","","","","","","","","","","","","","","","","","","","","","","","","","43.5","","","","","41.6","","40.8","","","40","","","","","38.3","","","","","37.3","37.1","36.9","","",
"Sierra Leone","SLE","Prevalence of current tobacco use (% of adults)","SH.PRV.SMOK","","","","","","","","","","","","","","","","","","","","","","","","","","","","","","","","","","","","","","","","","40","","","","","31","","28","","","23.9","","","","","18.4","","","","","14.3","13.5","12.9","","",
"El Salvador","SLV","Prevalence of current tobacco use (% of adults)","SH.PRV.SMOK","","","","","","","","","","","","","","","","","","","","","","","","","","","","","","","","","","","","","","","","","15.5","","","","","13.6","","12.9","","","11.9","","","","","10.5","","","","","9.3","9.1","8.9","","",
"San Marino","SMR","Prevalence of current tobacco use (% of adults)","SH.PRV.SMOK","","","","","","","","","","","","","","","","","","","","","","","","","","","","","","","","","","","","","","","","","","","","","","","","","","","","","","","","","","","","","","","","","",
"Somalia","SOM","Prevalence of current tobacco use (% of adults)","SH.PRV.SMOK","","","","","","","","","","","","","","","","","","","","","","","","","","","","","","","","","","","","","","","","","","","","","","","","","","","","","","","","","","","","","","","","","",
"Serbia","SRB","Prevalence of current tobacco use (% of adults)","SH.PRV.SMOK","","","","","","","","","","","","","","","","","","","","","","","","","","","","","","","","","","","","","","","","","44.9","","","","","43.7","","43.2","","","42.4","","","","","41.1","","","","","40.1","39.9","39.5","","",
"Sub-Saharan Africa (excluding high income)","SSA","Prevalence of current tobacco use (% of adults)","SH.PRV.SMOK","","","","","","","","","","","","","","","","","","","","","","","","","","","","","","","","","","","","","","","","","19.6533234061603","","","","","16.3792091620115","","15.2768347882975","","","13.829020142783","","","","","11.8595707155489","","","","","10.2480412028858","9.96006862889612","9.71923843139715","","",
"South Sudan","SSD","Prevalence of current tobacco use (% of adults)","SH.PRV.SMOK","","","","","","","","","","","","","","","","","","","","","","","","","","","","","","","","","","","","","","","","","","","","","","","","","","","","","","","","","","","","","","","","","",
"Sub-Saharan Africa","SSF","Prevalence of current tobacco use (% of adults)","SH.PRV.SMOK","","","","","","","","","","","","","","","","","","","","","","","","","","","","","","","","","","","","","","","","","18.2118996063256","","","","","15.2434374554072","","14.2386618740738","","","12.9198477307452","","","","","11.1103521549077","","","","","9.6512522394009","9.39658426107511","9.17194179432596","","",
"Small states","SST","Prevalence of current tobacco use (% of adults)","SH.PRV.SMOK","","","","","","","","","","","","","","","","","","","","","","","","","","","","","","","","","","","","","","","","","33.4764990229583","","","","","30.2736667073551","","29.1832124549967","","","27.6205396194914","","","","","25.4956073569751","","","","","23.7268785009052","23.4028769493132","23.0631698218087","","",
"Sao Tome and Principe","STP","Prevalence of current tobacco use (% of adults)","SH.PRV.SMOK","","","","","","","","","","","","","","","","","","","","","","","","","","","","","","","","","","","","","","","","","7.2","","","","","7.2","","7.2","","","7.3","","","","","7.4","","","","","7.7","7.8","7.8","","",
"Suriname","SUR","Prevalence of current tobacco use (% of adults)","SH.PRV.SMOK","","","","","","","","","","","","","","","","","","","","","","","","","","","","","","","","","","","","","","","","","","","","","","","","","","","","","","","","","","","","","","","","","",
"Slovak Republic","SVK","Prevalence of current tobacco use (% of adults)","SH.PRV.SMOK","","","","","","","","","","","","","","","","","","","","","","","","","","","","","","","","","","","","","","","","","32.2","","","","","31.9","","32","","","31.8","","","","","31.9","","","","","32.3","32.3","32.4","","",
"Slovenia","SVN","Prevalence of current tobacco use (% of adults)","SH.PRV.SMOK","","","","","","","","","","","","","","","","","","","","","","","","","","","","","","","","","","","","","","","","","25.7","","","","","24.3","","23.7","","","23","","","","","21.8","","","","","20.6","20.4","20.1","","",
"Sweden","SWE","Prevalence of current tobacco use (% of adults)","SH.PRV.SMOK","","","","","","","","","","","","","","","","","","","","","","","","","","","","","","","","","","","","","","","","","46.5","","","","","39.4","","36.9","","","33.4","","","","","28.3","","","","","24.1","23.3","22.7","","",
"Eswatini","SWZ","Prevalence of current tobacco use (% of adults)","SH.PRV.SMOK","","","","","","","","","","","","","","","","","","","","","","","","","","","","","","","","","","","","","","","","","12.6","","","","","11.5","","11.2","","","10.8","","","","","10.2","","","","","9.7","9.6","9.5","","",
"Sint Maarten (Dutch part)","SXM","Prevalence of current tobacco use (% of adults)","SH.PRV.SMOK","","","","","","","","","","","","","","","","","","","","","","","","","","","","","","","","","","","","","","","","","","","","","","","","","","","","","","","","","","","","","","","","","",
"Seychelles","SYC","Prevalence of current tobacco use (% of adults)","SH.PRV.SMOK","","","","","","","","","","","","","","","","","","","","","","","","","","","","","","","","","","","","","","","","","30.9","","","","","27.6","","26.5","","","24.9","","","","","22.7","","","","","20.8","20.6","20.2","","",
"Syrian Arab Republic","SYR","Prevalence of current tobacco use (% of adults)","SH.PRV.SMOK","","","","","","","","","","","","","","","","","","","","","","","","","","","","","","","","","","","","","","","","","","","","","","","","","","","","","","","","","","","","","","","","","",
"Turks and Caicos Islands","TCA","Prevalence of current tobacco use (% of adults)","SH.PRV.SMOK","","","","","","","","","","","","","","","","","","","","","","","","","","","","","","","","","","","","","","","","","","","","","","","","","","","","","","","","","","","","","","","","","",
"Chad","TCD","Prevalence of current tobacco use (% of adults)","SH.PRV.SMOK","","","","","","","","","","","","","","","","","","","","","","","","","","","","","","","","","","","","","","","","","10.9","","","","","9.9","","9.5","","","9","","","","","8.3","","","","","7.7","7.5","7.4","","",
"East Asia & Pacific (IDA & IBRD countries)","TEA","Prevalence of current tobacco use (% of adults)","SH.PRV.SMOK","","","","","","","","","","","","","","","","","","","","","","","","","","","","","","","","","","","","","","","","","29.5984874731703","","","","","28.3654766765275","","27.9034097763968","","","27.3799725705365","","","","","26.5201085922162","","","","","25.7406472550029","25.458931194142","25.4247651879299","","",
"Europe & Central Asia (IDA & IBRD countries)","TEC","Prevalence of current tobacco use (% of adults)","SH.PRV.SMOK","","","","","","","","","","","","","","","","","","","","","","","","","","","","","","","","","","","","","","","","","34.8682479182532","","","","","32.7460387874997","","31.9947372423873","","","30.8586184633242","","","","","29.2162947765901","","","","","27.7938274254478","27.5716670347066","27.3058690514155","","",
"Togo","TGO","Prevalence of current tobacco use (% of adults)","SH.PRV.SMOK","","","","","","","","","","","","","","","","","","","","","","","","","","","","","","","","","","","","","","","","","15.9","","","","","12.7","","11.6","","","10.2","","","","","8.3","","","","","6.8","6.6","6.4","","",
"Thailand","THA","Prevalence of current tobacco use (% of adults)","SH.PRV.SMOK","","","","","","","","","","","","","","","","","","","","","","","","","","","","","","","","","","","","","","","","","26.2","","","","","24.4","","23.5","","","22.6","","","","","21.1","","","","","19.7","19.4","19.2","","",
"Tajikistan","TJK","Prevalence of current tobacco use (% of adults)","SH.PRV.SMOK","","","","","","","","","","","","","","","","","","","","","","","","","","","","","","","","","","","","","","","","","","","","","","","","","","","","","","","","","","","","","","","","","",
"Turkmenistan","TKM","Prevalence of current tobacco use (% of adults)","SH.PRV.SMOK","","","","","","","","","","","","","","","","","","","","","","","","","","","","","","","","","","","","","","","","","14.8","","","","","11.7","","10.6","","","9.3","","","","","7.5","","","","","6.1","5.8","5.6","","",
"Latin America & the Caribbean (IDA & IBRD countries)","TLA","Prevalence of current tobacco use (% of adults)","SH.PRV.SMOK","","","","","","","","","","","","","","","","","","","","","","","","","","","","","","","","","","","","","","","","","24.4831083148649","","","","","21.0434100466264","","19.8431588910964","","","18.2479644565765","","","","","15.9081742449419","","","","","14.0118487633114","13.6484414481904","13.3305968970703","","",
"Timor-Leste","TLS","Prevalence of current tobacco use (% of adults)","SH.PRV.SMOK","","","","","","","","","","","","","","","","","","","","","","","","","","","","","","","","","","","","","","","","","52.8","","","","","49.6","","48.2","","","46.2","","","","","43","","","","","39.9","39.3","38.7","","",
"Middle East, North Africa, Afghanistan & Pakistan (IDA & IBRD)","TMN","Prevalence of current tobacco use (% of adults)","SH.PRV.SMOK","","","","","","","","","","","","","","","","","","","","","","","","","","","","","","","","","","","","","","","","","28.6567499288503","","","","","25.792456607894","","24.9211742287473","","","23.5328327240979","","","","","21.664174722606","","","","","20.1570839935635","19.8970103557551","19.6166211308623","","",
"Tonga","TON","Prevalence of current tobacco use (% of adults)","SH.PRV.SMOK","","","","","","","","","","","","","","","","","","","","","","","","","","","","","","","","","","","","","","","","","33.3","","","","","32.7","","32.4","","","32.3","","","","","31.8","","","","","31.5","31.3","31.3","","",
"South Asia (IDA & IBRD)","TSA","Prevalence of current tobacco use (% of adults)","SH.PRV.SMOK","","","","","","","","","","","","","","","","","","","","","","","","","","","","","","","","","","","","","","","","","55.7393464239759","","","","","46.8286855101711","","43.4357037147412","","","38.7717728976102","","","","","32.1859767340141","","","","","26.9067719189484","26.0418939429683","25.1487267996836","","",
"Sub-Saharan Africa (IDA & IBRD countries)","TSS","Prevalence of current tobacco use (% of adults)","SH.PRV.SMOK","","","","","","","","","","","","","","","","","","","","","","","","","","","","","","","","","","","","","","","","","18.2118996063256","","","","","15.2434374554072","","14.2386618740738","","","12.9198477307452","","","","","11.1103521549077","","","","","9.6512522394009","9.39658426107511","9.17194179432596","","",
"Trinidad and Tobago","TTO","Prevalence of current tobacco use (% of adults)","SH.PRV.SMOK","","","","","","","","","","","","","","","","","","","","","","","","","","","","","","","","","","","","","","","","","","","","","","","","","","","","","","","","","","","","","","","","","",
"Tunisia","TUN","Prevalence of current tobacco use (% of adults)","SH.PRV.SMOK","","","","","","","","","","","","","","","","","","","","","","","","","","","","","","","","","","","","","","","","","29.7","","","","","27.1","","26.4","","","25","","","","","23","","","","","21.2","21","20.5","","",
"Turkiye","TUR","Prevalence of current tobacco use (% of adults)","SH.PRV.SMOK","","","","","","","","","","","","","","","","","","","","","","","","","","","","","","","","","","","","","","","","","33.8","","","","","32.8","","32.4","","","32","","","","","31.3","","","","","30.7","30.7","30.5","","",
"Tuvalu","TUV","Prevalence of current tobacco use (% of adults)","SH.PRV.SMOK","","","","","","","","","","","","","","","","","","","","","","","","","","","","","","","","","","","","","","","","","48.3","","","","","44.4","","43","","","40.7","","","","","37.6","","","","","34.8","34.2","33.7","","",
"Tanzania","TZA","Prevalence of current tobacco use (% of adults)","SH.PRV.SMOK","","","","","","","","","","","","","","","","","","","","","","","","","","","","","","","","","","","","","","","","","27.8","","","","","21.5","","19.5","","","16.8","","","","","13.1","","","","","10.2","9.7","9.3","","",
"Uganda","UGA","Prevalence of current tobacco use (% of adults)","SH.PRV.SMOK","","","","","","","","","","","","","","","","","","","","","","","","","","","","","","","","","","","","","","","","","25.8","","","","","19.3","","17.2","","","14.6","","","","","11","","","","","8.4","7.9","7.5","","",
"Ukraine","UKR","Prevalence of current tobacco use (% of adults)","SH.PRV.SMOK","","","","","","","","","","","","","","","","","","","","","","","","","","","","","","","","","","","","","","","","","38.2","","","","","34.8","","33.3","","","31.3","","","","","28.5","","","","","25.9","25.5","24.9","","",
"Upper middle income","UMC","Prevalence of current tobacco use (% of adults)","SH.PRV.SMOK","","","","","","","","","","","","","","","","","","","","","","","","","","","","","","","","","","","","","","","","","27.6872736160512","","","","","26.1361582757908","","25.5694056031843","","","24.8885448798816","","","","","23.8026368621929","","","","","22.866618413533","22.6044264881589","22.5197816609943","","",
"Uruguay","URY","Prevalence of current tobacco use (% of adults)","SH.PRV.SMOK","","","","","","","","","","","","","","","","","","","","","","","","","","","","","","","","","","","","","","","","","35.4","","","","","31.3","","29.8","","","27.6","","","","","24.4","","","","","21.5","21","20.5","","",
"United States","USA","Prevalence of current tobacco use (% of adults)","SH.PRV.SMOK","","","","","","","","","","","","","","","","","","","","","","","","","","","","","","","","","","","","","","","","","31.5","","","","","29.6","","29","","","27.9","","","","","26.3","","","","","24.9","24.7","24.3","","",
"Uzbekistan","UZB","Prevalence of current tobacco use (% of adults)","SH.PRV.SMOK","","","","","","","","","","","","","","","","","","","","","","","","","","","","","","","","","","","","","","","","","27.8","","","","","24.7","","23.6","","","21.9","","","","","19.6","","","","","17.4","17.1","16.7","","",
"St. Vincent and the Grenadines","VCT","Prevalence of current tobacco use (% of adults)","SH.PRV.SMOK","","","","","","","","","","","","","","","","","","","","","","","","","","","","","","","","","","","","","","","","","","","","","","","","","","","","","","","","","","","","","","","","","",
"Venezuela, RB","VEN","Prevalence of current tobacco use (% of adults)","SH.PRV.SMOK","","","","","","","","","","","","","","","","","","","","","","","","","","","","","","","","","","","","","","","","","","","","","","","","","","","","","","","","","","","","","","","","","",
"British Virgin Islands","VGB","Prevalence of current tobacco use (% of adults)","SH.PRV.SMOK","","","","","","","","","","","","","","","","","","","","","","","","","","","","","","","","","","","","","","","","","","","","","","","","","","","","","","","","","","","","","","","","","",
"Virgin Islands (U.S.)","VIR","Prevalence of current tobacco use (% of adults)","SH.PRV.SMOK","","","","","","","","","","","","","","","","","","","","","","","","","","","","","","","","","","","","","","","","","","","","","","","","","","","","","","","","","","","","","","","","","",
"Viet Nam","VNM","Prevalence of current tobacco use (% of adults)","SH.PRV.SMOK","","","","","","","","","","","","","","","","","","","","","","","","","","","","","","","","","","","","","","","","","31.1","","","","","28.8","","28","","","26.6","","","","","24.9","","","","","23.2","22.9","22.5","","",
"Vanuatu","VUT","Prevalence of current tobacco use (% of adults)","SH.PRV.SMOK","","","","","","","","","","","","","","","","","","","","","","","","","","","","","","","","","","","","","","","","","","","","","","","","","","","","","","","","","","","","","","","","","",
"World","WLD","Prevalence of current tobacco use (% of adults)","SH.PRV.SMOK","","","","","","","","","","","","","","","","","","","","","","","","","","","","","","","","","","","","","","","","","34.3352527371262","","","","","30.7535267105219","","29.4296164191541","","","27.595057390787","","","","","24.8790371821949","","","","","22.57421630522","22.1274026073684","21.7410734453807","","",
"Samoa","WSM","Prevalence of current tobacco use (% of adults)","SH.PRV.SMOK","","","","","","","","","","","","","","","","","","","","","","","","","","","","","","","","","","","","","","","","","41.6","","","","","36.1","","34","","","31.2","","","","","27.1","","","","","23.8","23.1","22.5","","",
"Kosovo","XKX","Prevalence of current tobacco use (% of adults)","SH.PRV.SMOK","","","","","","","","","","","","","","","","","","","","","","","","","","","","","","","","","","","","","","","","","","","","","","","","","","","","","","","","","","","","","","","","","",
"Yemen, Rep.","YEM","Prevalence of current tobacco use (% of adults)","SH.PRV.SMOK","","","","","","","","","","","","","","","","","","","","","","","","","","","","","","","","","","","","","","","","","28.7","","","","","26.7","","25.9","","","24.8","","","","","23.3","","","","","21.8","21.7","21.4","","",
"South Africa","ZAF","Prevalence of current tobacco use (% of adults)","SH.PRV.SMOK","","","","","","","","","","","","","","","","","","","","","","","","","","","","","","","","","","","","","","","","","23.7","","","","","22.7","","22.5","","","22","","","","","21.5","","","","","20.9","20.8","20.7","","",
"Zambia","ZMB","Prevalence of current tobacco use (% of adults)","SH.PRV.SMOK","","","","","","","","","","","","","","","","","","","","","","","","","","","","","","","","","","","","","","","","","19.7","","","","","18.2","","17.7","","","17","","","","","15.8","","","","","14.8","14.8","14.6","","",
"Zimbabwe","ZWE","Prevalence of current tobacco use (% of adults)","SH.PRV.SMOK","","","","","","","","","","","","","","","","","","","","","","","","","","","","","","","","","","","","","","","","","21.4","","","","","18.3","","17.2","","","15.7","","","","","13.6","","","","","11.9","11.6","11.3","","",
